scenario_id,title,ticker,event_date,difficulty,category,option_type,stock_price,strike_price,stock_price_at_expiration,expiration_status,time_to_expiration_months,volatility_percent,risk_free_rate_percent,market_option_price,investment_choices,pre_decision_context,setup,decision_prompt,take_label,skip_label,best_action,post_event_outcome,explanation,lesson,source_name,source_url,simplification_note,quiz_flow,starting_bank,take_confirmation_prompt,skip_bank_effect
1,Nvidia Earnings: High Expectations,NVDA,2024-08-28,Hard,Earnings / expectations,Call,125,130,121.35,Out-of-the-Money,1,70,4.0,11.02,"$500|$1,000|$2,000","Nvidia is about to report earnings during the AI boom. The company has been one of the market's strongest performers, and investors expect another strong report. Option premiums are elevated because traders expect a large move.","You are considering a short-term call option. The company is strong, but the stock has already risen sharply and expectations are extremely high.","Your bank starts at $10,000. Run the mini-simulator, compare its estimate with the market option price, then decide whether to take this option or skip it. If you take it, choose how much of your bank to invest.",Take the option,Skip the option,skip,"After the report, the stock fell because the forecast did not impress investors enough relative to very high expectations.","This scenario is based on a real market event, but the option inputs and trade return are simplified for learning. A strong company does not automatically make a call option attractive. Expectations and volatility can make a popular trade overpriced.",A strong company does not automatically make a call option attractive. Expectations and volatility can make a popular trade overpriced.,Reuters,https://www.reuters.com/technology/nvidias-forecast-dampens-ai-enthusiasm-other-tech-stocks-2024-08-28/,"Event is real; option inputs, market option price, and option return are educational simplifications rather than exact historical option-chain data.",take_or_skip_with_bank,10000,Choose how much of your bank to invest in this option.,0
2,CrowdStrike Outage: Cybersecurity Shock,CRWD,2024-07-19,Medium,Breaking news / operational risk,Put,340,300,357.0,Out-of-the-Money,6,95,5.0,15.28,"$500|$1,000|$2,000","A major global technology outage has been linked to a CrowdStrike software update. The company says the issue is not a cyberattack and that a fix has been deployed, but airlines, banks, and other businesses are still dealing with disruptions.",You are considering a short-term put option after the first news breaks but before the full business impact is clear.,"Your bank starts at $10,000. Run the mini-simulator, compare its estimate with the market option price, then decide whether to take this option or skip it. If you take it, choose how much of your bank to invest.",Take the option,Skip the option,take,"CrowdStrike shares fell sharply as investors weighed customer damage, possible compensation costs, and reputational risk.","This scenario is based on a real market event, but the option inputs and trade return are simplified for learning. Operational failures can create downside risk even for high-quality technology companies.",Operational failures can create downside risk even for high-quality technology companies.,Reuters,https://www.reuters.com/technology/crowdstrike-says-actively-working-with-customers-impacted-by-outage-2024-07-19/,"Event is real; option inputs, market option price, and option return are educational simplifications rather than exact historical option-chain data.",take_or_skip_with_bank,10000,Choose how much of your bank to invest in this option.,0
3,Tesla Price Cuts: Demand Warning,TSLA,2024-04-22,Medium,Earnings / demand risk,Put,141,135,251.37,Out-of-the-Money,3,60,4.5,5.92,"$500|$1,000|$2,000","Tesla has been cutting prices before earnings, and the stock has already fallen sharply for the year. Investors are debating whether lower prices signal weaker demand or a smart move to defend market share.",You are considering a short-term put option before the earnings report.,"Your bank starts at $10,000. Run the mini-simulator, compare its estimate with the market option price, then decide whether to take this option or skip it. If you take it, choose how much of your bank to invest.",Take the option,Skip the option,take,"Shares remained under pressure as investors focused on price cuts, weaker demand signals, and uncertainty around margins.","This scenario is based on a real market event, but the option inputs and trade return are simplified for learning. Price cuts can help sales, but they can also signal margin pressure and weaker demand.","Price cuts can help sales, but they can also signal margin pressure and weaker demand.",Reuters,https://www.reuters.com/business/autos-transportation/tesla-shares-drop-price-cuts-run-up-earnings-2024-04-22/,"Event is real; option inputs, market option price, and option return are educational simplifications rather than exact historical option-chain data.",take_or_skip_with_bank,10000,Choose how much of your bank to invest in this option.,0
4,Fed Pause: Rate-Hike Relief Rally,SPY,2023-11-01,Medium,Macro / interest rates,Call,420,425,472.62,In-the-Money,2,18,5.5,6.16,"$500|$1,000|$2,000","The Federal Reserve is about to announce its rate decision. Inflation has been a concern, but some investors hope the Fed may be near the end of its rate-hiking cycle.",You are considering a short-term SPY call option before the Fed announcement.,"Your bank starts at $10,000. Run the mini-simulator, compare its estimate with the market option price, then decide whether to take this option or skip it. If you take it, choose how much of your bank to invest.",Take the option,Skip the option,take,Stocks rallied after the Fed held rates steady and investors became more optimistic that rate hikes might be ending.,"This scenario is based on a real market event, but the option inputs and trade return are simplified for learning. Interest-rate expectations can move the whole market, not just individual companies.","Interest-rate expectations can move the whole market, not just individual companies.",Reuters,https://www.reuters.com/markets/us/futures-slip-investors-await-fed-rate-verdict-2023-11-01/,"Event is real; option inputs, market option price, and option return are educational simplifications rather than exact historical option-chain data.",take_or_skip_with_bank,10000,Choose how much of your bank to invest in this option.,0
5,Meta Earnings: Efficiency and Dividend Signal,META,2024-02-01,Medium,Earnings / capital return,Call,394,410,502.3,In-the-Money,1,45,5.0,12.96,"$500|$1,000|$2,000",Meta is about to report earnings after a major cost-cutting push. Investors are watching whether ad sales are strong and whether management will keep showing financial discipline.,You are considering a short-term call option before earnings.,"Your bank starts at $10,000. Run the mini-simulator, compare its estimate with the market option price, then decide whether to take this option or skip it. If you take it, choose how much of your bank to invest.",Take the option,Skip the option,take,"Meta surged after strong results, an additional buyback, and its first dividend increased investor confidence.","This scenario is based on a real market event, but the option inputs and trade return are simplified for learning. Earnings are not just about growth. Margins, buybacks, and dividends can change investor perception.","Earnings are not just about growth. Margins, buybacks, and dividends can change investor perception.",Reuters,https://www.reuters.com/technology/meta-shares-jump-after-first-ever-dividend-plan-year-efficiency-pays-off-2024-02-02/,"Event is real; option inputs, market option price, and option return are educational simplifications rather than exact historical option-chain data.",take_or_skip_with_bank,10000,Choose how much of your bank to invest in this option.,0
6,Netflix Subscribers: Streaming Momentum,NFLX,2024-01-23,Medium,Earnings / subscriber growth,Call,492,520,583.5,In-the-Money,1,50,3.75,15.24,"$500|$1,000|$2,000","Netflix is about to report earnings. Investors are watching subscriber growth, the password-sharing crackdown, and whether streaming profitability is improving.",You are considering a short-term call option before earnings.,"Your bank starts at $10,000. Run the mini-simulator, compare its estimate with the market option price, then decide whether to take this option or skip it. If you take it, choose how much of your bank to invest.",Take the option,Skip the option,take,Netflix jumped after reporting record fourth-quarter subscriber gains that were well above expectations.,"This scenario is based on a real market event, but the option inputs and trade return are simplified for learning. For subscription businesses, user growth can be a major stock-moving signal.","For subscription businesses, user growth can be a major stock-moving signal.",Reuters,https://www.reuters.com/business/netflix-reports-record-fourth-quarter-subscriber-gains-falls-shy-per-share-2024-01-23/,"Event is real; option inputs, market option price, and option return are educational simplifications rather than exact historical option-chain data.",take_or_skip_with_bank,10000,Choose how much of your bank to invest in this option.,0
7,Boeing Safety Crisis: MAX 9 Scrutiny,BA,2024-01-08,Medium,Safety / regulatory risk,Put,249,230,211.0,In-the-Money,1,35,4.25,2.35,"$500|$1,000|$2,000","A Boeing 737 MAX 9 operated by Alaska Airlines suffered a mid-air door plug incident. Regulators are reviewing the issue, and investors are worried about inspections, delivery delays, and reputation damage.",You are considering a short-term put option after the incident becomes public.,"Your bank starts at $10,000. Run the mini-simulator, compare its estimate with the market option price, then decide whether to take this option or skip it. If you take it, choose how much of your bank to invest.",Take the option,Skip the option,take,Boeing shares fell as safety concerns and regulatory scrutiny intensified.,"This scenario is based on a real market event, but the option inputs and trade return are simplified for learning. Safety and regulatory issues can quickly change the risk profile of an industrial company.",Safety and regulatory issues can quickly change the risk profile of an industrial company.,Reuters,https://www.reuters.com/business/aerospace-defense/no-data-captured-alaska-airlines-737-cockpit-voice-recorder-ntsb-chair-2024-01-08/,"Event is real; option inputs, market option price, and option return are educational simplifications rather than exact historical option-chain data.",take_or_skip_with_bank,10000,Choose how much of your bank to invest in this option.,0
8,Super Micro: Filing Delay Concern,SMCI,2024-08-28,Hard,Accounting / governance risk,Put,548,500,435.4,In-the-Money,3,90,5.5,29.36,"$500|$1,000|$2,000","Super Micro has been a major AI-server winner, but the company delays its annual report after questions about accounting and internal controls. Investors are unsure whether the issue is minor or serious.",You are considering a short-term put option after the filing delay is announced.,"Your bank starts at $10,000. Run the mini-simulator, compare its estimate with the market option price, then decide whether to take this option or skip it. If you take it, choose how much of your bank to invest.",Take the option,Skip the option,take,Shares slid sharply as investors became concerned about transparency and governance.,"This scenario is based on a real market event, but the option inputs and trade return are simplified for learning. Fast-growing companies can still face major downside if trust in reporting weakens.",Fast-growing companies can still face major downside if trust in reporting weakens.,Reuters,https://www.reuters.com/technology/super-micro-computer-delay-annual-filing-2024-08-28/,"Event is real; option inputs, market option price, and option return are educational simplifications rather than exact historical option-chain data.",take_or_skip_with_bank,10000,Choose how much of your bank to invest in this option.,0
9,Super Micro: Auditor Resignation,SMCI,2024-10-30,Hard,Accounting / governance risk,Put,50,45,25.5,In-the-Money,2,120,3.75,3.18,"$500|$1,000|$2,000",Super Micro announces that its auditor has resigned. Investors now have to evaluate whether the accounting concern is temporary or a serious warning sign.,You are considering a short-term put option after the auditor news but before the market fully prices the long-term consequences.,"Your bank starts at $10,000. Run the mini-simulator, compare its estimate with the market option price, then decide whether to take this option or skip it. If you take it, choose how much of your bank to invest.",Take the option,Skip the option,take,The stock plunged as the auditor resignation raised concerns about governance and financial reporting controls.,"This scenario is based on a real market event, but the option inputs and trade return are simplified for learning. Auditor resignations are serious because they can damage confidence in a company's financial statements.",Auditor resignations are serious because they can damage confidence in a company's financial statements.,Reuters,https://www.reuters.com/technology/super-micro-computer-says-ernst-young-resigns-its-accountant-shares-tank-2024-10-30/,"Event is real; option inputs, market option price, and option return are educational simplifications rather than exact historical option-chain data.",take_or_skip_with_bank,10000,Choose how much of your bank to invest in this option.,0
10,Intel Turnaround: Dividend Suspension,INTC,2024-08-01,Medium,Earnings / turnaround risk,Put,29,27,23.2,In-the-Money,3,45,5.5,0.57,"$500|$1,000|$2,000","Intel is trying to turn around its chip manufacturing business. Before the market reacts, investors learn that the company plans major layoffs and will suspend its dividend.",You are considering a short-term put option as investors reassess Intel's turnaround risk.,"Your bank starts at $10,000. Run the mini-simulator, compare its estimate with the market option price, then decide whether to take this option or skip it. If you take it, choose how much of your bank to invest.",Take the option,Skip the option,take,"Intel suffered a major one-day drop as investors reacted to layoffs, a dividend suspension, and weak outlook.","This scenario is based on a real market event, but the option inputs and trade return are simplified for learning. Turnarounds can be risky when cost cuts signal deeper business pressure.",Turnarounds can be risky when cost cuts signal deeper business pressure.,Reuters,https://www.reuters.com/technology/intel-shares-set-fall-most-24-years-it-struggles-with-turnaround-2024-08-02/,"Event is real; option inputs, market option price, and option return are educational simplifications rather than exact historical option-chain data.",take_or_skip_with_bank,10000,Choose how much of your bank to invest in this option.,0
11,Broadcom: AI Chip Forecast,AVGO,2024-06-12,Medium,AI infrastructure / earnings,Call,150,160,170.5,In-the-Money,1,45,4.5,3.56,"$500|$1,000|$2,000",Broadcom is reporting earnings while investors are looking for companies benefiting from AI infrastructure. The market is focused on AI-linked chip revenue and management's forecast.,You are considering a short-term call option before the market fully reacts to the AI revenue outlook.,"Your bank starts at $10,000. Run the mini-simulator, compare its estimate with the market option price, then decide whether to take this option or skip it. If you take it, choose how much of your bank to invest.",Take the option,Skip the option,take,Broadcom rallied after raising its AI chip revenue forecast and announcing a stock split.,"This scenario is based on a real market event, but the option inputs and trade return are simplified for learning. AI infrastructure demand can create upside when guidance confirms that demand is turning into revenue.",AI infrastructure demand can create upside when guidance confirms that demand is turning into revenue.,Reuters,https://www.reuters.com/technology/chipmaker-broadcom-raises-annual-revenue-forecast-2024-06-12/,"Event is real; option inputs, market option price, and option return are educational simplifications rather than exact historical option-chain data.",take_or_skip_with_bank,10000,Choose how much of your bank to invest in this option.,0
12,Palantir: AI Software Demand,PLTR,2024-08-05,Medium,AI software / guidance,Call,24,26,30.2,In-the-Money,6,70,3.75,1.08,"$500|$1,000|$2,000",Palantir is reporting results while investors are watching whether AI demand is translating into real business growth. The stock is already volatile because expectations are high.,You are considering a short-term call option before the market prices in new guidance.,"Your bank starts at $10,000. Run the mini-simulator, compare its estimate with the market option price, then decide whether to take this option or skip it. If you take it, choose how much of your bank to invest.",Take the option,Skip the option,take,Palantir shares rose after the company raised its annual revenue forecast on AI strength.,"This scenario is based on a real market event, but the option inputs and trade return are simplified for learning. For software companies, guidance can matter more than the past quarter alone.","For software companies, guidance can matter more than the past quarter alone.",Reuters,https://www.reuters.com/technology/artificial-intelligence/palantir-raises-annual-revenue-forecast-ai-strength-2024-08-05/,"Event is real; option inputs, market option price, and option return are educational simplifications rather than exact historical option-chain data.",take_or_skip_with_bank,10000,Choose how much of your bank to invest in this option.,0
13,Adobe: AI Monetization Doubts,ADBE,2024-03-15,Medium,AI software / growth concern,Put,570,540,520.1,In-the-Money,3,35,4.25,8.82,"$500|$1,000|$2,000","Adobe is investing heavily in generative AI features. Investors like the technology, but they are unsure how quickly those tools will turn into revenue growth.",You are considering a short-term put option before the market fully responds to a cautious forecast.,"Your bank starts at $10,000. Run the mini-simulator, compare its estimate with the market option price, then decide whether to take this option or skip it. If you take it, choose how much of your bank to invest.",Take the option,Skip the option,take,Adobe shares fell as investors worried about competition and delayed AI returns.,"This scenario is based on a real market event, but the option inputs and trade return are simplified for learning. A company can have strong AI products but still disappoint investors if monetization is unclear.",A company can have strong AI products but still disappoint investors if monetization is unclear.,Reuters,https://www.reuters.com/technology/adobe-drops-weak-forecast-fans-worries-about-competition-ai-efforts-2024-03-15/,"Event is real; option inputs, market option price, and option return are educational simplifications rather than exact historical option-chain data.",take_or_skip_with_bank,10000,Choose how much of your bank to invest in this option.,0
14,Apple China Sales: Competitive Pressure,AAPL,2024-03-05,Easy,International demand / competition,Put,174,165,169.58,Out-of-the-Money,1,25,5.0,1.26,"$500|$1,000|$2,000",Reports show Apple's iPhone sales in China have fallen sharply early in the year while Huawei gains share. Investors are debating whether the weakness is temporary or a sign of tougher competition.,You are considering a short-term put option as the market digests the China sales report.,"Your bank starts at $10,000. Run the mini-simulator, compare its estimate with the market option price, then decide whether to take this option or skip it. If you take it, choose how much of your bank to invest.",Take the option,Skip the option,take,Apple faced pressure as investors focused on China weakness and competition from domestic rivals.,"This scenario is based on a real market event, but the option inputs and trade return are simplified for learning. Even very strong companies can face regional demand and competition risks.",Even very strong companies can face regional demand and competition risks.,Reuters,https://www.reuters.com/technology/apples-china-iphone-sales-plunge-24-first-six-weeks-2024-report-says-2024-03-05/,"Event is real; option inputs, market option price, and option return are educational simplifications rather than exact historical option-chain data.",take_or_skip_with_bank,10000,Choose how much of your bank to invest in this option.,0
15,Apple Intelligence: Upgrade Cycle Hopes,AAPL,2024-07-15,Medium,AI product cycle,Call,207,215,221.72,In-the-Money,1,30,5.25,3.84,"$500|$1,000|$2,000","Apple has introduced its Apple Intelligence strategy, and analysts are debating whether AI features could push customers to upgrade iPhones and iPads.",You are considering a short-term call option as the market weighs whether AI can restart Apple's growth story.,"Your bank starts at $10,000. Run the mini-simulator, compare its estimate with the market option price, then decide whether to take this option or skip it. If you take it, choose how much of your bank to invest.",Take the option,Skip the option,take,Apple hit an all-time high after a major analyst called the stock a top pick because of AI-related upgrade potential.,"This scenario is based on a real market event, but the option inputs and trade return are simplified for learning. Product-cycle expectations can move a stock before the financial impact appears in earnings.",Product-cycle expectations can move a stock before the financial impact appears in earnings.,Reuters,https://www.reuters.com/technology/apple-gains-after-morgan-stanley-calls-stock-top-pick-ai-efforts-2024-07-15/,"Event is real; option inputs, market option price, and option return are educational simplifications rather than exact historical option-chain data.",take_or_skip_with_bank,10000,Choose how much of your bank to invest in this option.,0
16,Alphabet and Microsoft: AI Spending Pays Off,GOOGL,2024-04-26,Medium,AI cloud / earnings,Call,156,165,173.96,In-the-Money,1,30,4.0,1.99,"$500|$1,000|$2,000",Alphabet and Microsoft are reporting earnings after months of questions about whether AI spending is producing real revenue growth. Investors are focused on cloud performance and capital returns.,You are considering a short-term Alphabet call option before the market fully reacts.,"Your bank starts at $10,000. Run the mini-simulator, compare its estimate with the market option price, then decide whether to take this option or skip it. If you take it, choose how much of your bank to invest.",Take the option,Skip the option,take,"Alphabet jumped as earnings showed AI investments supporting growth, and investors welcomed a dividend and buyback.","This scenario is based on a real market event, but the option inputs and trade return are simplified for learning. AI spending is rewarded when investors see evidence of revenue growth and shareholder returns.",AI spending is rewarded when investors see evidence of revenue growth and shareholder returns.,Reuters,https://www.reuters.com/technology/alphabet-microsoft-shares-jump-investors-cheer-ai-investment-2024-04-26/,"Event is real; option inputs, market option price, and option return are educational simplifications rather than exact historical option-chain data.",take_or_skip_with_bank,10000,Choose how much of your bank to invest in this option.,0
17,Alphabet: AI Costs and YouTube Slowdown,GOOGL,2024-07-24,Medium,AI spending / margin risk,Put,183,175,165.16,In-the-Money,1,28,3.5,2.17,"$500|$1,000|$2,000","Alphabet has strong AI ambitions, but investors are watching rising infrastructure costs and signs of slowing growth in important advertising areas like YouTube.",You are considering a short-term put option before the market fully digests the margin concerns.,"Your bank starts at $10,000. Run the mini-simulator, compare its estimate with the market option price, then decide whether to take this option or skip it. If you take it, choose how much of your bank to invest.",Take the option,Skip the option,take,Alphabet fell as AI infrastructure costs and YouTube growth concerns overshadowed otherwise solid results.,"This scenario is based on a real market event, but the option inputs and trade return are simplified for learning. Heavy AI investment can be positive or negative depending on whether investors believe the returns justify the cost.",Heavy AI investment can be positive or negative depending on whether investors believe the returns justify the cost.,Reuters,https://www.reuters.com/technology/alphabet-falls-expenses-overshadow-quarterly-results-beat-2024-07-24/,"Event is real; option inputs, market option price, and option return are educational simplifications rather than exact historical option-chain data.",take_or_skip_with_bank,10000,Choose how much of your bank to invest in this option.,0
18,Amazon: AWS and Retail Strength,AMZN,2024-02-01,Medium,Cloud / retail earnings,Call,159,165,180.38,In-the-Money,2,35,4.25,3.57,"$500|$1,000|$2,000","Amazon is reporting earnings while investors watch AWS growth, retail margins, advertising, and spending on generative AI infrastructure.",You are considering a short-term call option before the market reacts to the earnings report.,"Your bank starts at $10,000. Run the mini-simulator, compare its estimate with the market option price, then decide whether to take this option or skip it. If you take it, choose how much of your bank to invest.",Take the option,Skip the option,take,"Amazon rallied as cloud, retail, and advertising strength supported a better outlook.","This scenario is based on a real market event, but the option inputs and trade return are simplified for learning. A company with multiple business lines can rally when several divisions improve at the same time.",A company with multiple business lines can rally when several divisions improve at the same time.,Reuters,https://www.reuters.com/technology/amazon-soars-ai-retail-strength-power-revenue-growth-2024-02-02/,"Event is real; option inputs, market option price, and option return are educational simplifications rather than exact historical option-chain data.",take_or_skip_with_bank,10000,Choose how much of your bank to invest in this option.,0
19,Uber: Bookings Slowdown Risk,UBER,2024-05-08,Medium,Guidance / demand risk,Put,71,68,67.2,In-the-Money,2,40,3.75,1.63,"$500|$1,000|$2,000","Uber has been improving profitability, but investors are focused on whether rideshare and delivery bookings can keep growing fast enough.",You are considering a short-term put option before the market fully reacts to a cautious bookings forecast.,"Your bank starts at $10,000. Run the mini-simulator, compare its estimate with the market option price, then decide whether to take this option or skip it. If you take it, choose how much of your bank to invest.",Take the option,Skip the option,take,Uber shares fell after the company posted a surprise loss and forecast gross bookings below expectations.,"This scenario is based on a real market event, but the option inputs and trade return are simplified for learning. Profitability progress can be overshadowed if the market worries that growth is slowing.",Profitability progress can be overshadowed if the market worries that growth is slowing.,Reuters,https://www.reuters.com/business/autos-transportation/uber-forecasts-gross-bookings-second-quarter-below-expectations-2024-05-08/,"Event is real; option inputs, market option price, and option return are educational simplifications rather than exact historical option-chain data.",take_or_skip_with_bank,10000,Choose how much of your bank to invest in this option.,0
20,Starbucks: Demand Slowdown,SBUX,2024-05-01,Easy,Consumer demand / guidance,Put,88,83,81.36,In-the-Money,1,35,5.25,1.26,"$500|$1,000|$2,000",Starbucks is facing questions about weaker traffic in the U.S. and China. Inflation-weary customers may be cutting back on premium coffee purchases.,You are considering a short-term put option before the market finishes reacting to the lowered outlook.,"Your bank starts at $10,000. Run the mini-simulator, compare its estimate with the market option price, then decide whether to take this option or skip it. If you take it, choose how much of your bank to invest.",Take the option,Skip the option,take,Starbucks fell sharply after cutting annual forecasts due to weak demand in the U.S. and China.,"This scenario is based on a real market event, but the option inputs and trade return are simplified for learning. Consumer-facing companies can fall quickly when customers trade down or visit less often.",Consumer-facing companies can fall quickly when customers trade down or visit less often.,Reuters,https://www.reuters.com/business/retail-consumer/starbucks-shares-tumble-china-us-demand-slowdown-clouds-outlook-2024-05-01/,"Event is real; option inputs, market option price, and option return are educational simplifications rather than exact historical option-chain data.",take_or_skip_with_bank,10000,Choose how much of your bank to invest in this option.,0
21,McDonald's: Food Safety Shock,MCD,2024-10-22,Easy,Food safety / reputational risk,Put,315,300,290.4,In-the-Money,2,25,4.25,2.54,"$500|$1,000|$2,000",Health officials link an E. coli outbreak to McDonald's Quarter Pounder hamburgers in several states. Investors are trying to estimate the reputational and sales impact.,You are considering a short-term put option after the first outbreak report.,"Your bank starts at $10,000. Run the mini-simulator, compare its estimate with the market option price, then decide whether to take this option or skip it. If you take it, choose how much of your bank to invest.",Take the option,Skip the option,take,"McDonald's shares fell after the outbreak news, though the company later worked to contain the damage.","This scenario is based on a real market event, but the option inputs and trade return are simplified for learning. Food safety events can create sudden downside risk, but the impact may depend on how quickly the company responds.","Food safety events can create sudden downside risk, but the impact may depend on how quickly the company responds.",Reuters,https://www.reuters.com/business/retail-consumer/ten-people-hospitalized-e-coli-infections-linked-mcdonalds-quarter-pounder-says-2024-10-22/,"Event is real; option inputs, market option price, and option return are educational simplifications rather than exact historical option-chain data.",take_or_skip_with_bank,10000,Choose how much of your bank to invest in this option.,0
22,Eli Lilly: Weight-Loss Drug Momentum,LLY,2024-04-30,Medium,Healthcare / product demand,Call,740,760,820.15,In-the-Money,1,35,3.75,20.23,"$500|$1,000|$2,000","Eli Lilly is reporting results while investors are focused on demand for diabetes and weight-loss drugs. The stock has already risen, so expectations are high.",You are considering a short-term call option before the market fully reacts to the updated forecast.,"Your bank starts at $10,000. Run the mini-simulator, compare its estimate with the market option price, then decide whether to take this option or skip it. If you take it, choose how much of your bank to invest.",Take the option,Skip the option,take,"Lilly rose after raising its 2024 sales and profit forecasts, helped by strong demand for weight-loss and diabetes treatments.","This scenario is based on a real market event, but the option inputs and trade return are simplified for learning. Product demand can support a higher stock price when it leads management to raise guidance.",Product demand can support a higher stock price when it leads management to raise guidance.,Reuters,https://www.reuters.com/business/healthcare-pharmaceuticals/eli-lilly-beats-profit-estimates-diabetes-weight-loss-drug-strength-2024-04-30/,"Event is real; option inputs, market option price, and option return are educational simplifications rather than exact historical option-chain data.",take_or_skip_with_bank,10000,Choose how much of your bank to invest in this option.,0
23,GameStop Meme Rally: Momentum or Trap?,GME,2024-05-13,Hard,Meme stock / volatility,Call,38,45,28.2,Out-of-the-Money,1,200,4.75,9.55,"$500|$1,000|$2,000","GameStop surges after a major meme-stock figure returns to social media. Trading is extremely volatile, and call options are very expensive because traders expect huge moves.",You are considering buying a short-term out-of-the-money call after the rally has already started.,"Your bank starts at $10,000. Run the mini-simulator, compare its estimate with the market option price, then decide whether to take this option or skip it. If you take it, choose how much of your bank to invest.",Take the option,Skip the option,skip,"The meme-stock rally faded quickly, and late call buyers faced large losses as volatility cooled.","This scenario is based on a real market event, but the option inputs and trade return are simplified for learning. Momentum can be exciting, but buying options after volatility spikes can be dangerous.","Momentum can be exciting, but buying options after volatility spikes can be dangerous.",Reuters,https://www.reuters.com/technology/gamestop-jumps-after-roaring-kitty-returns-following-three-year-hiatus-2024-05-13/,"Event is real; option inputs, market option price, and option return are educational simplifications rather than exact historical option-chain data.",take_or_skip_with_bank,10000,Choose how much of your bank to invest in this option.,0
24,GameStop Share Sale: Dilution Risk,GME,2024-06-07,Hard,Meme stock / dilution risk,Put,46,40,24.6,In-the-Money,1,200,4.75,6.26,"$500|$1,000|$2,000","GameStop is still volatile after renewed meme-stock attention. The company reports lower sales and announces plans to sell additional shares, which could dilute existing shareholders.",You are considering a short-term put option after the share-sale news.,"Your bank starts at $10,000. Run the mini-simulator, compare its estimate with the market option price, then decide whether to take this option or skip it. If you take it, choose how much of your bank to invest.",Take the option,Skip the option,take,GameStop fell sharply as the rally faded and investors reacted to weak sales and dilution concerns.,"This scenario is based on a real market event, but the option inputs and trade return are simplified for learning. Share issuance can pressure a stock because it increases the number of shares and can dilute existing owners.",Share issuance can pressure a stock because it increases the number of shares and can dilute existing owners.,Reuters,https://www.reuters.com/business/media-telecom/gamestop-tumbles-second-day-meme-stock-rally-fades-2024-06-10/,"Event is real; option inputs, market option price, and option return are educational simplifications rather than exact historical option-chain data.",take_or_skip_with_bank,10000,Choose how much of your bank to invest in this option.,0
25,Coinbase and Bitcoin ETFs: Buy the Rumor?,COIN,2024-01-10,Hard,Crypto / event expectations,Call,150,165,256.0,In-the-Money,2,75,4.25,9.84,"$500|$1,000|$2,000","The market expects a decision on U.S. spot bitcoin ETFs. Coinbase could benefit from crypto market attention, but the approval has been widely discussed and may already be priced into options.",You are considering a short-term call option before the ETF decision.,"Your bank starts at $10,000. Run the mini-simulator, compare its estimate with the market option price, then decide whether to take this option or skip it. If you take it, choose how much of your bank to invest.",Take the option,Skip the option,skip,"Bitcoin ETFs began trading with heavy volume, but the trade was not as simple as buying calls after a widely anticipated event.","This scenario is based on a real market event, but the option inputs and trade return are simplified for learning. When good news is widely expected, options may already price in much of the potential move.","When good news is widely expected, options may already price in much of the potential move.",Reuters,https://www.reuters.com/technology/bitcoin-etf-hopefuls-still-expect-sec-approval-despite-social-media-hack-2024-01-10/,"Event is real; option inputs, market option price, and option return are educational simplifications rather than exact historical option-chain data.",take_or_skip_with_bank,10000,Choose how much of your bank to invest in this option.,0
26,Regional Banks: SVB Contagion Fear,KRE,2023-03-10,Hard,Banking crisis / contagion,Put,55,50,41.5,In-the-Money,3,50,4.75,0.94,"$500|$1,000|$2,000",Silicon Valley Bank has been shut down by regulators after a sudden funding crisis. Investors are worried that other regional banks could face deposit pressure.,You are considering a short-term put option on a regional bank ETF.,"Your bank starts at $10,000. Run the mini-simulator, compare its estimate with the market option price, then decide whether to take this option or skip it. If you take it, choose how much of your bank to invest.",Take the option,Skip the option,take,Regional bank stocks fell sharply as investors feared contagion across the banking system.,"This scenario is based on a real market event, but the option inputs and trade return are simplified for learning. Sector ETFs can be useful when the risk affects an entire group rather than one company.",Sector ETFs can be useful when the risk affects an entire group rather than one company.,Reuters,https://www.reuters.com/business/finance/us-bank-stocks-add-losses-regulators-shutter-svb-financial-2023-03-10/,"Event is real; option inputs, market option price, and option return are educational simplifications rather than exact historical option-chain data.",take_or_skip_with_bank,10000,Choose how much of your bank to invest in this option.,0
27,JPMorgan: First Republic Deal,JPM,2023-05-01,Medium,Banking crisis / acquisition,Call,139,145,140.2,Out-of-the-Money,1,25,3.75,1.74,"$500|$1,000|$2,000",Regulators have seized First Republic and arranged a sale of most assets to JPMorgan. Investors are deciding whether JPMorgan benefits from gaining assets or faces too much banking-sector risk.,You are considering a short-term JPMorgan call option after the deal is announced.,"Your bank starts at $10,000. Run the mini-simulator, compare its estimate with the market option price, then decide whether to take this option or skip it. If you take it, choose how much of your bank to invest.",Take the option,Skip the option,take,"JPMorgan rose while regional bank pressure continued, as investors saw it as a stronger buyer of distressed assets.","This scenario is based on a real market event, but the option inputs and trade return are simplified for learning. During a crisis, stronger companies can sometimes benefit by acquiring weakened competitors.","During a crisis, stronger companies can sometimes benefit by acquiring weakened competitors.",Reuters,https://www.reuters.com/business/finance/california-financial-regulator-takes-possession-first-republic-bank-2023-05-01/,"Event is real; option inputs, market option price, and option return are educational simplifications rather than exact historical option-chain data.",take_or_skip_with_bank,10000,Choose how much of your bank to invest in this option.,0
28,Oil Shock: Russia-Ukraine Tension,XOM,2022-02-21,Medium,Commodity shock / geopolitics,Call,77,80,85.3,In-the-Money,2,30,3.75,1.28,"$500|$1,000|$2,000",Oil prices are rising as tensions between Russia and the West over Ukraine increase supply concerns. Energy companies may benefit if crude prices stay high.,You are considering a short-term call option on Exxon Mobil.,"Your bank starts at $10,000. Run the mini-simulator, compare its estimate with the market option price, then decide whether to take this option or skip it. If you take it, choose how much of your bank to invest.",Take the option,Skip the option,take,Energy stocks benefited as oil prices rose during the geopolitical shock.,"This scenario is based on a real market event, but the option inputs and trade return are simplified for learning. Commodity-linked stocks can move when geopolitical events change supply expectations.",Commodity-linked stocks can move when geopolitical events change supply expectations.,Reuters,https://www.reuters.com/business/energy/oil-jumps-fresh-warnings-over-ukraine-russia-conflict-2022-02-20/,"Event is real; option inputs, market option price, and option return are educational simplifications rather than exact historical option-chain data.",take_or_skip_with_bank,10000,Choose how much of your bank to invest in this option.,0
29,OPEC+ Cut: Supply Support for Oil,CVX,2023-06-04,Medium,Commodity supply / OPEC,Call,153,160,158.2,Out-of-the-Money,2,25,4.25,1.82,"$500|$1,000|$2,000","OPEC+ is debating production policy, and Saudi Arabia signals a large voluntary output cut. Investors are considering whether lower supply could support crude prices and energy stocks.",You are considering a short-term call option on Chevron.,"Your bank starts at $10,000. Run the mini-simulator, compare its estimate with the market option price, then decide whether to take this option or skip it. If you take it, choose how much of your bank to invest.",Take the option,Skip the option,take,"Oil prices received support from the production-cut announcement, helping the bullish energy thesis.","This scenario is based on a real market event, but the option inputs and trade return are simplified for learning. Supply cuts can support commodity prices, but the stock reaction may be smaller if demand concerns remain.","Supply cuts can support commodity prices, but the stock reaction may be smaller if demand concerns remain.",Reuters,https://www.reuters.com/business/energy/opec-meets-debate-production-quotas-new-cut-sources-2023-06-04/,"Event is real; option inputs, market option price, and option return are educational simplifications rather than exact historical option-chain data.",take_or_skip_with_bank,10000,Choose how much of your bank to invest in this option.,0
30,Nike: Turnaround Doubts,NKE,2024-06-27,Medium,Retail / brand competition,Put,94,88,75.2,In-the-Money,1,35,5.25,1.19,"$500|$1,000|$2,000",Nike is trying to regain growth as competitors such as On and Hoka gain attention. Investors are watching whether demand is stabilizing or whether the turnaround will take longer.,You are considering a short-term put option before the market fully reacts to the sales outlook.,"Your bank starts at $10,000. Run the mini-simulator, compare its estimate with the market option price, then decide whether to take this option or skip it. If you take it, choose how much of your bank to invest.",Take the option,Skip the option,take,Nike suffered a major drop after forecasting a surprise annual sales decline and raising concerns about its turnaround.,"This scenario is based on a real market event, but the option inputs and trade return are simplified for learning. Even famous brands can fall sharply when investors lose confidence in future growth.",Even famous brands can fall sharply when investors lose confidence in future growth.,Reuters,https://www.reuters.com/business/retail-consumer/nikes-downbeat-outlook-drags-jd-sports-puma-briefly-lifts-adidas-2024-06-28/,"Event is real; option inputs, market option price, and option return are educational simplifications rather than exact historical option-chain data.",take_or_skip_with_bank,10000,Choose how much of your bank to invest in this option.,0
